CREATE DATABASE  IF NOT EXISTS `chicago_official` /*!40100 DEFAULT CHARACTER SET utf8mb4 COLLATE utf8mb4_0900_ai_ci */ /*!80016 DEFAULT ENCRYPTION='N' */;
USE `chicago_official`;
-- MySQL dump 10.13  Distrib 8.0.38, for macos14 (arm64)
--
-- Host: localhost    Database: chicago_official
-- ------------------------------------------------------
-- Server version	8.0.39

/*!40101 SET @OLD_CHARACTER_SET_CLIENT=@@CHARACTER_SET_CLIENT */;
/*!40101 SET @OLD_CHARACTER_SET_RESULTS=@@CHARACTER_SET_RESULTS */;
/*!40101 SET @OLD_COLLATION_CONNECTION=@@COLLATION_CONNECTION */;
/*!50503 SET NAMES utf8 */;
/*!40103 SET @OLD_TIME_ZONE=@@TIME_ZONE */;
/*!40103 SET TIME_ZONE='+00:00' */;
/*!40014 SET @OLD_UNIQUE_CHECKS=@@UNIQUE_CHECKS, UNIQUE_CHECKS=0 */;
/*!40014 SET @OLD_FOREIGN_KEY_CHECKS=@@FOREIGN_KEY_CHECKS, FOREIGN_KEY_CHECKS=0 */;
/*!40101 SET @OLD_SQL_MODE=@@SQL_MODE, SQL_MODE='NO_AUTO_VALUE_ON_ZERO' */;
/*!40111 SET @OLD_SQL_NOTES=@@SQL_NOTES, SQL_NOTES=0 */;

--
-- Temporary view structure for view `chicago_norm_all`
--

DROP TABLE IF EXISTS `chicago_norm_all`;
/*!50001 DROP VIEW IF EXISTS `chicago_norm_all`*/;
SET @saved_cs_client     = @@character_set_client;
/*!50503 SET character_set_client = utf8mb4 */;
/*!50001 CREATE VIEW `chicago_norm_all` AS SELECT 
 1 AS `notice_number`,
 1 AS `ticket_number`,
 1 AS `issue_date`,
 1 AS `location`,
 1 AS `zip_code`,
 1 AS `violation_code`,
 1 AS `violation_description`,
 1 AS `unit`,
 1 AS `unit_description`,
 1 AS `officer`,
 1 AS `vehicle_make`,
 1 AS `license_plate_type`,
 1 AS `fine_1`,
 1 AS `fine_2`,
 1 AS `current_due`,
 1 AS `total_payments`,
 1 AS `ticket_queue`,
 1 AS `ticket_queue_date`,
 1 AS `notice_level`,
 1 AS `hearing_dispo`,
 1 AS `hearing_reason`*/;
SET character_set_client = @saved_cs_client;

--
-- Table structure for table `hearing_reasons`
--

DROP TABLE IF EXISTS `hearing_reasons`;
/*!40101 SET @saved_cs_client     = @@character_set_client */;
/*!50503 SET character_set_client = utf8mb4 */;
CREATE TABLE `hearing_reasons` (
  `hearing_reason_id` int NOT NULL AUTO_INCREMENT,
  `hearing_reason` varchar(100) DEFAULT NULL,
  PRIMARY KEY (`hearing_reason_id`)
) ENGINE=InnoDB AUTO_INCREMENT=8 DEFAULT CHARSET=utf8mb4 COLLATE=utf8mb4_0900_ai_ci;
/*!40101 SET character_set_client = @saved_cs_client */;

--
-- Dumping data for table `hearing_reasons`
--

LOCK TABLES `hearing_reasons` WRITE;
/*!40000 ALTER TABLE `hearing_reasons` DISABLE KEYS */;
INSERT INTO `hearing_reasons` VALUES (1,'Citizen was Not Owner or Lessee of Cited Vehicle\r'),(2,'Plate or Vehicle was Stolen and Not Recovered on Violation Date\r'),(3,'Prima Facie Case Not Established by City\r'),(4,'Violation is Factually Inconsistent\r');
/*!40000 ALTER TABLE `hearing_reasons` ENABLE KEYS */;
UNLOCK TABLES;

--
-- Table structure for table `license_plate_types`
--

DROP TABLE IF EXISTS `license_plate_types`;
/*!40101 SET @saved_cs_client     = @@character_set_client */;
/*!50503 SET character_set_client = utf8mb4 */;
CREATE TABLE `license_plate_types` (
  `license_plate_type_id` int NOT NULL AUTO_INCREMENT,
  `license_plate_type` varchar(10) DEFAULT NULL,
  PRIMARY KEY (`license_plate_type_id`)
) ENGINE=InnoDB AUTO_INCREMENT=16 DEFAULT CHARSET=utf8mb4 COLLATE=utf8mb4_0900_ai_ci;
/*!40101 SET character_set_client = @saved_cs_client */;

--
-- Dumping data for table `license_plate_types`
--

LOCK TABLES `license_plate_types` WRITE;
/*!40000 ALTER TABLE `license_plate_types` DISABLE KEYS */;
INSERT INTO `license_plate_types` VALUES (1,'PAS'),(2,'TMP'),(3,'HCP'),(4,'DLC'),(5,'FFM'),(6,'250'),(7,'TRK'),(8,'PTR'),(9,'150');
/*!40000 ALTER TABLE `license_plate_types` ENABLE KEYS */;
UNLOCK TABLES;

--
-- Table structure for table `locations`
--

DROP TABLE IF EXISTS `locations`;
/*!40101 SET @saved_cs_client     = @@character_set_client */;
/*!50503 SET character_set_client = utf8mb4 */;
CREATE TABLE `locations` (
  `location_id` int NOT NULL AUTO_INCREMENT,
  `address` varchar(50) DEFAULT NULL,
  `zip_code` int DEFAULT NULL,
  PRIMARY KEY (`location_id`)
) ENGINE=InnoDB AUTO_INCREMENT=256 DEFAULT CHARSET=utf8mb4 COLLATE=utf8mb4_0900_ai_ci;
/*!40101 SET character_set_client = @saved_cs_client */;

--
-- Dumping data for table `locations`
--

LOCK TABLES `locations` WRITE;
/*!40000 ALTER TABLE `locations` DISABLE KEYS */;
INSERT INTO `locations` VALUES (1,'4200 S CICERO AVENUE',470608002),(2,'11100 S HALSTED ST',625639566),(3,'3655 W JACKSON',601038976),(4,'2757 E 75TH ST',605401901),(5,'4800 W HARRISON STREET',605618432),(6,'1334 W GARFIELD BLVD',60609),(7,'6947 S STATE ST',606191611),(8,'4753 S PRAIRIE',60104),(9,'2556 W CHICAGO',813015645),(10,'5211 W MONTANA',606392450),(11,'6136 S WASHTENAW',608042978),(12,'4331 W 21ST ST',60623),(13,'4329 W 121ST PL',606373616),(14,'2749 E 75TH ST',606493809),(15,'4356 W CULLERTON',606232765),(16,'1809 S HAMLIN',60623),(17,'2144 N LINCOLN PK WST',606144608),(18,'2645 S STATE ST',60616),(19,'1600 W 87TH ST',60637),(20,'176 N MORGAN',606603602),(21,'6316 N CALIFORNIA',606591574),(22,'1 E 79TH STREET',606196722),(23,'3145 W POLK',606243681),(24,'500 N COLUMBUS DRIVE',628643652),(25,'4007 W 21ST ST',604405081),(26,'4221 W 21ST ST',606232755),(27,'4325 W 21ST ST',606232150),(28,'4333 W 21ST ST',606232764),(29,'4340 W 21ST ST',606232764),(30,'4357 W 21ST PL',601532052),(31,'4353 W 21ST PL',604731519),(32,'4338 N 21ST PL',60155),(33,'4234 W 21ST PL',606232752),(34,'2522 W 65TH STREET',606321412),(35,'4030 N 21ST PL',606232829),(36,'3652 W 19TH ST',606234392),(37,'4132 W CULLERTON',606232713),(38,'1616 S RIDGEWAY',606242664),(39,'4354 W CULLERTON',606232765),(40,'4310 W CULLERTON',606232761),(41,'3331 E 100TH ST',606174038),(42,'4022 W CULLERTON',604013274),(43,'1334 W GARFIELD BLVD',60022),(44,'323 N LAMON',604401739),(45,'2900 S STATE ST',60616),(46,'5051 S ST LAWRENCE AVE',60619),(47,'1865 S AVERFS',606232731),(48,'2901 S STATE ST',606204324),(49,'2964 S STATE ST',60616),(50,'2964 S STATE ST',60642),(51,'1515 S WABASH',606053524),(52,'1414 S WABASH',600994725),(53,'1150 S WABASH',606601329),(54,'1133 S WABASH',606281819),(55,'4026 W VANBUREN',606242746),(56,'874 S DEARBORN',600164649),(57,'6250 W FULLERTON',606391586),(58,'10318 S INDIANAPOLIS',606514350),(59,'3560 W DICKENS',964050),(60,'1334 W GARFIELD BLVD',606295129),(61,'11100 S HALSTED ST',604091561),(62,'1223 S INDEPENDENCE',60623),(63,'200 W GARFIELD BLVD',605447062),(64,'3649 W DOUGLAS BLVD',606197349),(65,'132 S LAVERGNE',606394419),(66,'449 N COLUMBUS DR',604224352),(67,'1508 S CENTRAL PARK',606242664),(68,'4248 W 21ST ST',606232901),(69,'6400 S SACRAMENTO',606203857),(70,'2457 S HAMLIN',60101),(71,'4322 W 21ST ST',606232763),(72,'2800 W DEVON AVENUE',610851444),(73,'7234 S VERNON',604111042),(74,'5520 S WESTERN',60620),(75,'3110 W 69TH ST',606292721),(76,'4306 W 21ST PL',606232761),(77,'1660 S MILLARD',608052506),(78,'1605 S MILLARD AVE',60623),(79,'1245 S SPRINGFIELD',60624),(80,'7318 N OAKLEY AVE',606451828),(81,'6247 W FULLERTON',606392920),(82,'1334 W GARFIELD BLVD',606374513),(83,'6700 S CORNELL DRIVE',60626),(84,'667 W DIVISION',604024840),(85,'15 W 95TH ST',606204019),(86,'6400 N SHERIDAN ROAD',520036738),(87,'2906 N LAWNDALE',606187243),(88,'1142 W IRVING PARK',606475469),(89,'2858 N HAMLIN',606342020),(90,'6427 S RACINE',60636),(91,'4400 N MILWAUKEE AVEN',60612),(92,'848 W 87TH STREET',60628),(93,'450 N COLUMBUS DR',60302),(94,'4110 W CULLERTON',606232713),(95,'1142 W IRVING PARK',60610),(96,'6816 S CORNELL AVE',60621),(97,'3400 W NORTH AVE',605385100),(98,'3137 W PETERSON',606073590),(99,'2000 N CICERO AVENUE',606391586),(100,'3231 W DICKENS AV',606361628),(101,'6700 S CORNELL DRIVE',606173415),(102,'2840 S STATE ST',606163262),(103,'400 S WESTERN AVENUE',604021853),(104,'3645 S HERMITAGE',606086254),(105,'1600 W SHERWIN',60089),(106,'1725 S WABASH AVE',606161219),(107,'4800 W HARRISON STREET',606442332),(108,'2121 N MASON',601811616),(109,'4433 N WESTERN',606253545),(110,'536 E MORGAN DR',606287235),(111,'9900 S HALSTED ST',60827),(112,'515 S CENTRAL AVE',606511307),(113,'5454 W IRVING PARK',606391586),(114,'7600 S STONY ISLAND A',606191728),(115,'5816 W JACKSON',60435),(116,'5403 W WELLINGTON',606391508),(117,'4000 W FULLERTON AVE',606561961),(118,'500 N COLUMBUS DRIVE',606222126),(119,'536 E MORGAN DR',606082866),(120,'7030 S ASHLAND',606196516),(121,'4649 W WRIGHTWOOD',600682100),(122,'4200 S CICERO AVENUE',600452922),(123,'2400 N ASHLAND AVENUE',606492308),(124,'8318 S ASHLAND AVE',60609),(125,'2400 N ASHLAND AVENUE',606573112),(126,'2800 W DIVERSEY',336350000),(127,'7200 W ADDISON',607063340),(128,'3100 W AUGUSTA',60620),(129,'4800 W 47TH ST',60632),(130,'9227 S BLACKSTONE AV',964100),(131,'340 W UPPER WACKER DR',60647),(132,'4237 N WOLCOTT',606131020),(133,'5344 S FRANCISCO',60632),(134,'1600 E 79TH ST',60430),(135,'7600 S STONY ISLAND A',606244132),(136,'3137 W PETERSON',606591723),(137,'4433 N WESTERN',607123835),(138,'7900 S HALSTED STREET',60415),(139,'6250 W FULLERTON',606392019),(140,'3047 W JACKSON BLVD',600852740),(141,'5600 W FULLERTON AVENU',603041765),(142,'4433 N WESTERN',606134111),(143,'3400 W NORTH AVE',606241145),(144,'8318 S ASHLAND AVE',606282609),(145,'1641 W CULLERTON',610711555),(146,'5520 S WESTERN',61102),(147,'848 W 87TH STREET',606436606),(148,'3100 W AUGUSTA',606512842);
/*!40000 ALTER TABLE `locations` ENABLE KEYS */;
UNLOCK TABLES;

--
-- Table structure for table `notices`
--

DROP TABLE IF EXISTS `notices`;
/*!40101 SET @saved_cs_client     = @@character_set_client */;
/*!50503 SET character_set_client = utf8mb4 */;
CREATE TABLE `notices` (
  `notice_id` int NOT NULL AUTO_INCREMENT,
  `notice_number` bigint NOT NULL,
  PRIMARY KEY (`notice_id`)
) ENGINE=InnoDB AUTO_INCREMENT=256 DEFAULT CHARSET=utf8mb4 COLLATE=utf8mb4_0900_ai_ci;
/*!40101 SET character_set_client = @saved_cs_client */;

--
-- Dumping data for table `notices`
--

LOCK TABLES `notices` WRITE;
/*!40000 ALTER TABLE `notices` DISABLE KEYS */;
INSERT INTO `notices` VALUES (1,5234871800),(2,5233573050),(3,5232893520),(4,5235217390),(5,5234720230),(6,5234890960),(7,5189406220),(8,5234394760),(9,5235022410),(10,5215530010),(11,5216181280),(12,5100228780),(13,5221148680),(14,5231503180),(15,5188525930),(16,5234918950),(17,5198638210),(18,5235033520),(19,5219051090),(20,5234947690),(21,5231191660),(22,5230627280),(23,5232169510),(24,5234872200),(25,5216088420),(26,5147316520),(27,5234871030),(28,5219181550),(29,5229247800),(30,5234918910),(31,5234526410),(32,5233456730),(33,5224079450),(34,5233781990),(35,5208634790),(36,5212446850),(37,5209798690),(38,5234918940),(39,5226810950),(40,5220149640),(41,5221562260),(42,5178536230),(43,5120502200),(44,5234767410),(45,5235033500),(46,5235232000),(47,5230326880),(48,5199948470),(49,5235033510),(50,5232888980),(51,5209869440),(52,5235033530),(53,5165973900),(54,5217689120),(55,5211508660),(56,5233157680),(57,5214309740),(58,5230079570),(59,5230892610),(60,5224486660),(61,5235486600),(62,5226247490),(63,5225508490),(64,5222474670),(65,5224264690),(66,5230510480),(67,5231230340),(68,5231600760),(69,5237699820),(70,5234734870),(71,5234885540),(72,5235261320),(73,5234623340),(74,5014968540),(75,5211705290),(76,5227615560),(77,5231712940),(78,5230528700),(79,5221162070),(80,5221148500),(81,5224456230),(82,5232449850),(83,5210209820),(84,5233891200),(85,5235166810),(86,5236834680),(87,5209026740),(88,5203462510),(89,5234884440),(90,5234885920),(91,5234884260),(92,5230714960),(93,5194085130),(94,5233481880),(95,5223059850),(96,5229955590),(97,5235086920),(98,5230972620),(99,5177921150),(100,5236816390),(101,5230864340),(102,5234918320),(103,5230599620),(104,5215117070),(105,5228403830),(106,5216950350),(107,5070139530),(108,5228670370),(109,5166626440),(110,5129290640),(111,5234493840),(112,5231991990),(113,5228744660),(114,5216444580),(115,5192102760),(116,5218627900),(117,5234192450),(118,5220545630),(119,5234383340),(120,5231639740),(121,5212224020),(122,5234483740),(123,5233279310),(124,5234202110),(125,5233793240),(126,5201525540),(127,5228840130),(128,5231361360),(129,5231928970),(130,5223077520),(131,5221915500),(132,5220652950),(133,5234884430),(134,5199505460),(135,5193967540),(136,5213875510),(137,5208661580),(138,5234884640),(139,5206601880),(140,5217406460),(141,5235617470),(142,5226295090),(143,5229200140);
/*!40000 ALTER TABLE `notices` ENABLE KEYS */;
UNLOCK TABLES;

--
-- Table structure for table `officers`
--

DROP TABLE IF EXISTS `officers`;
/*!40101 SET @saved_cs_client     = @@character_set_client */;
/*!50503 SET character_set_client = utf8mb4 */;
CREATE TABLE `officers` (
  `officer_id` int NOT NULL AUTO_INCREMENT,
  `officer` varchar(6) DEFAULT NULL,
  `unit_id` int DEFAULT NULL,
  PRIMARY KEY (`officer_id`),
  KEY `unit_id` (`unit_id`),
  CONSTRAINT `officers_ibfk_1` FOREIGN KEY (`unit_id`) REFERENCES `units` (`unit_id`)
) ENGINE=InnoDB AUTO_INCREMENT=64 DEFAULT CHARSET=utf8mb4 COLLATE=utf8mb4_0900_ai_ci;
/*!40101 SET character_set_client = @saved_cs_client */;

--
-- Dumping data for table `officers`
--

LOCK TABLES `officers` WRITE;
/*!40000 ALTER TABLE `officers` DISABLE KEYS */;
INSERT INTO `officers` VALUES (1,'CNDT',1),(2,'SPEED',2),(3,'7416',3),(4,'19693',3),(5,'1717',4),(6,'18434',5),(7,'16015',6),(8,'19690',7),(9,'14634',8),(10,'5996',8),(11,'8840',9),(12,'16619',10),(13,'6890',5),(14,'12842',11),(15,'19622',10),(16,'18876',7),(17,'3805',12),(18,'4988',13),(19,'6882',10),(20,'2822',4),(21,'14888',10),(22,'4184',10),(23,'FORD',14),(24,'19165',13),(25,'13147',7),(26,'17345',8),(27,'18300',3),(28,'3735',8),(29,'10161',11),(30,'10416',9),(31,'19424',15),(32,'19636',6),(33,'14005',16),(34,'13947',3),(35,'11912',17),(36,'9669',11),(37,'8997',6),(38,'15654',6),(39,'10089',16),(40,'9497',6),(41,'TOYT',14),(42,'9550',19),(43,'12155',17),(44,'18088',5);
/*!40000 ALTER TABLE `officers` ENABLE KEYS */;
UNLOCK TABLES;

--
-- Temporary view structure for view `officers_per_unit`
--

DROP TABLE IF EXISTS `officers_per_unit`;
/*!50001 DROP VIEW IF EXISTS `officers_per_unit`*/;
SET @saved_cs_client     = @@character_set_client;
/*!50503 SET character_set_client = utf8mb4 */;
/*!50001 CREATE VIEW `officers_per_unit` AS SELECT 
 1 AS `unit_code`,
 1 AS `COUNT(officers.officer_id)`*/;
SET character_set_client = @saved_cs_client;

--
-- Temporary view structure for view `officers_units_all`
--

DROP TABLE IF EXISTS `officers_units_all`;
/*!50001 DROP VIEW IF EXISTS `officers_units_all`*/;
SET @saved_cs_client     = @@character_set_client;
/*!50503 SET character_set_client = utf8mb4 */;
/*!50001 CREATE VIEW `officers_units_all` AS SELECT 
 1 AS `officer`,
 1 AS `unit_code`*/;
SET character_set_client = @saved_cs_client;

--
-- Table structure for table `tickets`
--

DROP TABLE IF EXISTS `tickets`;
/*!40101 SET @saved_cs_client     = @@character_set_client */;
/*!50503 SET character_set_client = utf8mb4 */;
CREATE TABLE `tickets` (
  `ticket_id` bigint NOT NULL,
  `notice_id` int DEFAULT NULL,
  `issue_date` datetime DEFAULT NULL,
  `location_id` int DEFAULT NULL,
  `violation_id` int DEFAULT NULL,
  `officer_id` int DEFAULT NULL,
  `vehicle_make_plate_type_id` int DEFAULT NULL,
  `fine_1` decimal(7,2) DEFAULT NULL,
  `fine_2` decimal(7,2) DEFAULT NULL,
  `current_due` decimal(7,2) DEFAULT NULL,
  `total_payments` decimal(7,2) DEFAULT NULL,
  `ticket_queue` varchar(20) DEFAULT NULL,
  `ticket_queue_date` date DEFAULT NULL,
  `hearing_dispo` varchar(10) DEFAULT NULL,
  `hearing_reason_id` int DEFAULT NULL,
  `notice_level` varchar(10) DEFAULT NULL,
  PRIMARY KEY (`ticket_id`),
  KEY `notice_id` (`notice_id`),
  KEY `location_id` (`location_id`),
  KEY `violation_id` (`violation_id`),
  KEY `officer_id` (`officer_id`),
  KEY `vehicle_make_plate_type_id` (`vehicle_make_plate_type_id`),
  KEY `hearing_reason_id` (`hearing_reason_id`),
  CONSTRAINT `tickets_ibfk_1` FOREIGN KEY (`notice_id`) REFERENCES `notices` (`notice_id`),
  CONSTRAINT `tickets_ibfk_2` FOREIGN KEY (`location_id`) REFERENCES `locations` (`location_id`),
  CONSTRAINT `tickets_ibfk_3` FOREIGN KEY (`violation_id`) REFERENCES `violations` (`violation_id`),
  CONSTRAINT `tickets_ibfk_4` FOREIGN KEY (`officer_id`) REFERENCES `officers` (`officer_id`),
  CONSTRAINT `tickets_ibfk_5` FOREIGN KEY (`vehicle_make_plate_type_id`) REFERENCES `vehicle_makes_plate_types` (`vehicle_make_plate_type_id`),
  CONSTRAINT `tickets_ibfk_6` FOREIGN KEY (`hearing_reason_id`) REFERENCES `hearing_reasons` (`hearing_reason_id`)
) ENGINE=InnoDB DEFAULT CHARSET=utf8mb4 COLLATE=utf8mb4_0900_ai_ci;
/*!40101 SET character_set_client = @saved_cs_client */;

--
-- Dumping data for table `tickets`
--

LOCK TABLES `tickets` WRITE;
/*!40000 ALTER TABLE `tickets` DISABLE KEYS */;
INSERT INTO `tickets` VALUES (71361889,112,NULL,116,15,38,10,75.00,150.00,0.00,150.00,'Paid','2021-05-06',NULL,NULL,'SEIZ'),(71362669,105,NULL,108,7,37,14,150.00,300.00,0.00,150.00,'Paid','2021-02-06',NULL,NULL,'VIOL'),(71362921,83,'2021-01-01 09:09:00',84,6,30,24,200.00,250.00,0.00,200.00,'Paid','2021-01-26',NULL,NULL,'VIOL'),(71391563,89,'2021-01-01 09:25:00',90,6,33,26,200.00,250.00,0.00,250.00,'Paid','2021-03-26',NULL,NULL,'FINL'),(71391955,116,NULL,120,14,39,24,250.00,500.00,350.00,150.00,'Notice','2021-01-14',NULL,NULL,'FINL'),(71414334,14,'2021-01-01 09:00:00',14,8,3,16,75.00,150.00,0.00,0.00,'Dismissed','2021-03-17','Not Liable',4,'VIOL'),(71414335,4,'2021-01-01 09:11:00',4,5,3,5,150.00,300.00,0.00,0.00,'Dismissed','2021-03-04','Not Liable',4,'VIOL'),(71414336,4,'2021-01-01 09:13:00',4,3,3,5,60.00,120.00,0.00,0.00,'Dismissed','2021-03-04','Not Liable',1,'VIOL'),(71484631,41,'2021-01-01 09:30:00',41,3,17,15,60.00,120.00,0.00,0.00,'Dismissed','2021-03-01',NULL,NULL,'VIOL'),(71512016,9,'2021-01-01 03:47:00',9,5,6,10,150.00,300.00,0.00,0.00,'Dismissed','2021-02-25','Not Liable',4,'VIOL'),(71512485,20,NULL,20,8,13,10,75.00,150.00,0.00,0.00,'Dismissed','2021-02-22','Not Liable',4,'VIOL'),(71517474,101,NULL,104,14,35,24,250.00,500.00,0.00,250.00,'Paid','2021-02-18',NULL,NULL,'DETR'),(71525617,128,NULL,133,14,43,21,250.00,500.00,0.00,250.00,'Paid','2021-02-02',NULL,NULL,'VIOL'),(71548514,NULL,'2021-01-01 07:37:00',59,10,23,31,500.00,0.00,250.00,0.00,'1/28/21',NULL,NULL,NULL,NULL),(71571311,84,'2021-01-01 09:12:00',85,6,31,33,200.00,250.00,0.00,200.00,'Paid','2021-03-08',NULL,NULL,'DETR'),(71595145,46,NULL,46,3,20,28,60.00,120.00,0.00,0.00,'Dismissed','2021-03-01',NULL,NULL,'VIOL'),(71636603,102,NULL,105,7,36,15,150.00,300.00,0.00,150.00,'Paid','2021-01-23',NULL,NULL,'VIOL'),(71657674,55,NULL,55,3,21,18,60.00,120.00,0.00,0.00,'Dismissed','2021-03-01',NULL,NULL,'DETR'),(71717735,NULL,NULL,130,17,41,30,300.00,0.00,150.00,0.00,'1/11/21',NULL,NULL,NULL,NULL),(71718121,45,NULL,45,3,19,11,60.00,120.00,0.00,0.00,'Dismissed','2021-03-01',NULL,NULL,'VIOL'),(71718122,45,NULL,45,6,19,11,200.00,250.00,0.00,200.00,'Paid','2021-01-22',NULL,NULL,NULL),(71718123,48,NULL,48,3,19,14,60.00,120.00,0.00,0.00,'Dismissed','2021-03-01',NULL,NULL,'VIOL'),(71718125,50,NULL,49,3,19,11,60.00,120.00,0.00,0.00,'Dismissed','2021-03-01',NULL,NULL,'DETR'),(71718127,103,NULL,106,3,19,14,60.00,120.00,0.00,120.00,'Paid','2021-06-08',NULL,NULL,'FINL'),(71718131,53,NULL,53,3,19,22,60.00,120.00,0.00,0.00,'Dismissed','2021-03-01',NULL,NULL,'DETR'),(71718183,99,NULL,102,3,12,5,60.00,120.00,0.00,120.00,'Paid','2021-04-27',NULL,NULL,'FINL'),(71718184,49,NULL,49,3,12,19,60.00,120.00,0.00,0.00,'Dismissed','2021-03-01',NULL,NULL,'VIOL'),(71718185,18,NULL,18,6,12,20,200.00,250.00,0.00,0.00,'Dismissed','2021-03-18','Not Liable',4,'VIOL'),(71718188,51,NULL,51,3,12,6,60.00,120.00,0.00,0.00,'Dismissed','2021-03-01',NULL,NULL,'DETR'),(71718189,52,NULL,52,3,12,29,60.00,120.00,0.00,0.00,'Dismissed','2021-03-01',NULL,NULL,'VIOL'),(71718190,54,NULL,54,3,12,10,60.00,120.00,0.00,0.00,'Dismissed','2021-03-01',NULL,NULL,'VIOL'),(71773807,140,NULL,145,14,44,14,250.00,500.00,0.00,250.00,'Paid','2021-01-21','Liable',NULL,'DETR'),(71779071,11,'2021-01-01 06:20:00',11,7,8,14,150.00,300.00,0.00,0.00,'Dismissed','2021-03-30','Not Liable',4,'DETR'),(71793735,127,NULL,132,12,42,12,150.00,300.00,0.00,150.00,'Paid','2021-01-16',NULL,NULL,'VIOL'),(71883917,86,'2021-01-01 09:19:00',87,13,32,6,60.00,120.00,0.00,120.00,'Paid','2021-05-04',NULL,NULL,'SEIZ'),(71883918,88,'2021-01-01 09:22:00',89,5,32,26,150.00,300.00,0.00,150.00,'Paid','2021-01-24',NULL,NULL,'VIOL'),(71884002,10,'2021-01-01 03:50:00',10,6,7,12,200.00,250.00,0.00,0.00,'Dismissed','2021-04-20','Not Liable',4,'DETR'),(71885869,17,'2021-01-01 09:57:00',17,9,11,12,100.00,200.00,0.00,0.00,'Dismissed','2021-02-24','Not Liable',4,'VIOL'),(71885871,97,NULL,100,12,11,12,150.00,300.00,0.00,150.00,'Paid','2021-02-16',NULL,NULL,'VIOL'),(71898702,7,NULL,7,5,4,6,150.00,300.00,0.00,0.00,'Dismissed','2021-03-26','Not Liable',3,'VIOL'),(71898703,7,NULL,7,3,4,6,60.00,120.00,0.00,0.00,'Dismissed','2021-03-26','Not Liable',4,'DETR'),(71898821,72,'2021-01-01 08:27:00',73,12,27,25,150.00,300.00,0.00,150.00,'Paid','2021-03-17',NULL,NULL,'DETR'),(71899303,NULL,'2021-01-01 09:45:00',96,7,34,34,150.00,300.00,0.00,150.00,'Paid','2021-01-27',NULL,NULL,NULL),(71910190,21,NULL,21,9,14,10,100.00,200.00,0.00,0.00,'Dismissed','2021-02-05','Not Liable',4,'VIOL'),(71911480,79,'2021-01-01 08:56:00',80,6,29,32,200.00,250.00,0.00,200.00,'Paid','2021-02-05',NULL,NULL,'VIOL'),(71913890,61,'2021-01-01 08:07:00',62,7,10,29,150.00,300.00,0.00,150.00,'Paid','2021-05-17',NULL,NULL,'DETR'),(71913892,63,'2021-01-01 08:12:00',64,3,10,18,60.00,120.00,0.00,120.00,'Paid','2021-03-28',NULL,NULL,'FINL'),(71913893,66,'2021-01-01 08:16:00',67,3,10,12,60.00,120.00,0.00,120.00,'Paid','2021-04-20',NULL,NULL,'FINL'),(71914379,69,'2021-01-01 08:22:00',70,11,26,26,60.00,120.00,0.00,120.00,'Paid','2021-05-28',NULL,NULL,'FINL'),(71914627,78,'2021-01-01 08:52:00',79,3,28,17,60.00,120.00,0.00,120.00,'Paid','2021-04-14',NULL,NULL,'FINL'),(71915341,25,'2021-01-01 08:02:00',25,3,9,18,60.00,120.00,0.00,0.00,'Dismissed','2021-03-01',NULL,NULL,'DETR'),(71915345,26,'2021-01-01 08:13:00',26,3,9,5,60.00,120.00,0.00,0.00,'Dismissed','2021-03-01',NULL,NULL,'DETR'),(71915348,67,'2021-01-01 08:18:00',68,3,9,20,60.00,120.00,0.00,120.00,'Paid','2021-05-10',NULL,NULL,'SEIZ'),(71915350,27,'2021-01-01 08:22:00',27,3,9,16,60.00,120.00,0.00,0.00,'Dismissed','2021-03-01',NULL,NULL,'DETR'),(71915351,70,'2021-01-01 08:23:00',71,3,9,20,60.00,120.00,0.00,120.00,'Paid','2021-04-12','Liable',NULL,'FINL'),(71915352,12,'2021-01-01 08:25:00',12,3,9,10,60.00,120.00,0.00,0.00,'Dismissed','2021-03-18','Not Liable',4,'DETR'),(71915353,28,'2021-01-01 08:27:00',28,3,9,16,60.00,120.00,0.00,0.00,'Dismissed','2021-03-01',NULL,NULL,'DETR'),(71915354,29,'2021-01-01 08:28:00',29,3,9,6,60.00,120.00,0.00,0.00,'Dismissed','2021-03-01',NULL,NULL,'DETR'),(71915355,30,'2021-01-01 08:31:00',30,3,9,6,60.00,120.00,0.00,0.00,'Dismissed','2021-03-01',NULL,NULL,'VIOL'),(71915357,31,'2021-01-01 08:33:00',31,3,9,8,60.00,120.00,0.00,0.00,'Dismissed','2021-03-01',NULL,NULL,'DETR'),(71915358,32,'2021-01-01 08:36:00',32,3,9,7,60.00,120.00,0.00,0.00,'Dismissed','2021-03-01',NULL,NULL,'DETR'),(71915361,13,'2021-01-01 08:40:00',13,3,9,15,60.00,120.00,0.00,0.00,'Dismissed','2021-02-18','Not Liable',4,'DETR'),(71915362,75,'2021-01-01 08:42:00',76,3,9,18,60.00,120.00,0.00,120.00,'Paid','2021-06-15',NULL,NULL,'FINL'),(71915363,33,'2021-01-01 08:45:00',33,3,9,23,60.00,120.00,0.00,0.00,'Dismissed','2021-03-01',NULL,NULL,'DETR'),(71915368,35,'2021-01-01 08:58:00',35,3,9,24,60.00,120.00,0.00,0.00,'Dismissed','2021-03-01',NULL,NULL,'DETR'),(71915433,37,'2021-01-01 09:16:00',37,3,9,25,60.00,120.00,0.00,0.00,'Dismissed','2021-03-01',NULL,NULL,'DETR'),(71915435,15,'2021-01-01 09:24:00',15,3,9,18,60.00,120.00,0.00,0.00,'Dismissed','2021-02-09','Not Liable',4,'VIOL'),(71915436,39,'2021-01-01 09:25:00',39,3,9,12,60.00,120.00,0.00,0.00,'Dismissed','2021-03-01',NULL,NULL,'DETR'),(71915437,40,'2021-01-01 09:29:00',40,3,9,10,60.00,120.00,0.00,0.00,'Dismissed','2021-03-01',NULL,NULL,'DETR'),(71915441,93,'2021-01-01 09:41:00',94,3,9,26,60.00,120.00,0.00,120.00,'Paid','2021-05-28',NULL,NULL,'SEIZ'),(71915442,42,'2021-01-01 09:44:00',42,3,9,26,60.00,120.00,0.00,0.00,'Dismissed','2021-03-01',NULL,NULL,'VIOL'),(71915825,76,'2021-01-01 08:45:00',77,3,10,14,60.00,120.00,0.00,120.00,'Paid','2021-04-17',NULL,NULL,'FINL'),(71915826,77,'2021-01-01 08:47:00',78,3,10,19,60.00,120.00,0.00,120.00,'Paid','2021-05-21','Liable',NULL,'SEIZ'),(71915834,36,'2021-01-01 09:06:00',36,3,10,14,60.00,120.00,0.00,0.00,'Dismissed','2021-03-01',NULL,NULL,'DETR'),(71915839,38,'2021-01-01 09:19:00',38,3,10,13,60.00,120.00,0.00,0.00,'Dismissed','2021-03-01',NULL,NULL,'DETR'),(71915841,16,'2021-01-01 09:44:00',16,3,10,7,60.00,120.00,0.00,0.00,'Dismissed','2021-02-17','Not Liable',4,'VIOL'),(71915849,47,NULL,47,3,10,26,60.00,120.00,0.00,0.00,'Dismissed','2021-03-01',NULL,NULL,'VIOL'),(71921624,34,'2021-01-01 08:52:00',34,3,16,5,60.00,120.00,0.00,0.00,'Dismissed','2021-03-01',NULL,NULL,'VIOL'),(71922128,68,'2021-01-01 08:18:00',69,5,25,25,150.00,300.00,0.00,150.00,'Paid','2021-01-26',NULL,NULL,'VIOL'),(71922139,74,'2021-01-01 08:41:00',75,3,25,6,60.00,120.00,0.00,120.00,'Paid','2021-05-28',NULL,NULL,'SEIZ'),(71925403,56,NULL,56,3,22,5,60.00,120.00,0.00,0.00,'Dismissed','2021-03-01',NULL,NULL,'DETR'),(72164212,117,NULL,121,3,40,15,60.00,120.00,0.00,120.00,'Paid','2021-04-05',NULL,NULL,'FINL'),(72164213,117,NULL,121,16,40,15,60.00,120.00,0.00,120.00,'Paid','2021-04-05',NULL,NULL,'FINL'),(72169372,44,NULL,44,3,18,27,60.00,120.00,0.00,0.00,'Dismissed','2021-03-01',NULL,NULL,'DETR'),(72171924,64,'2021-01-01 08:14:00',65,8,24,6,75.00,150.00,0.00,150.00,'Paid','2021-03-25',NULL,NULL,'FINL'),(72178770,23,'2021-01-01 01:05:00',23,3,15,21,60.00,120.00,0.00,0.00,'Dismissed','2021-03-01',NULL,NULL,'DETR'),(72182262,8,'2021-01-01 01:51:00',8,6,5,9,200.00,250.00,0.00,0.00,'Dismissed','2021-03-02','Not Liable',4,'VIOL'),(6048484623,57,'2021-01-01 07:25:00',57,2,2,1,100.00,200.00,0.00,200.00,'Paid','2021-04-17',NULL,NULL,'SEIZ'),(6048484639,58,'2021-01-01 07:35:00',58,2,2,1,100.00,200.00,0.00,200.00,'Paid','2021-05-07',NULL,NULL,'FINL'),(6048484645,59,'2021-01-01 07:37:00',6,2,2,1,100.00,200.00,0.00,200.00,'Paid','2021-05-14',NULL,NULL,'FINL'),(6048484708,65,'2021-01-01 08:16:00',66,2,2,1,100.00,200.00,0.00,200.00,'Paid','2021-05-19',NULL,NULL,'FINL'),(6048484709,3,'2021-01-01 08:17:00',3,2,2,1,100.00,200.00,0.00,0.00,'Dismissed','2021-02-09','Not Liable',1,'VIOL'),(6048484730,73,'2021-01-01 08:29:00',74,2,2,1,100.00,200.00,0.00,200.00,'Paid','2021-05-26',NULL,NULL,'FINL'),(6048484773,80,'2021-01-01 08:58:00',81,2,2,2,100.00,200.00,0.00,200.00,'Paid','2021-04-27',NULL,NULL,'FINL'),(6048484776,81,'2021-01-01 09:00:00',6,2,2,4,100.00,200.00,-100.00,200.00,'Paid','2021-03-02',NULL,NULL,'DETR'),(6048484811,87,'2021-01-01 09:21:00',88,2,2,1,100.00,200.00,0.00,200.00,'Paid','2021-05-19',NULL,NULL,'FINL'),(6048484828,92,'2021-01-01 09:32:00',93,2,2,1,100.00,200.00,0.00,200.00,'Paid','2021-04-21',NULL,NULL,'SEIZ'),(6048484846,94,'2021-01-01 09:43:00',88,2,2,1,100.00,200.00,0.00,200.00,'Paid','2021-05-07',NULL,NULL,'SEIZ'),(6048484856,43,'2021-01-01 09:49:00',6,2,2,3,100.00,200.00,0.00,0.00,'Dismissed','2021-01-19',NULL,NULL,'VIOL'),(6048484882,96,'2021-01-01 09:58:00',98,2,2,1,100.00,200.00,0.00,200.00,'Paid','2021-04-06',NULL,NULL,'FINL'),(6048484994,106,NULL,109,2,2,1,100.00,200.00,0.00,200.00,'Paid','2021-03-30',NULL,NULL,'FINL'),(6048485000,107,NULL,110,2,2,1,100.00,200.00,0.00,200.00,'Paid','2021-03-31',NULL,NULL,'FINL'),(6048485002,57,NULL,113,2,2,1,100.00,200.00,0.00,200.00,'Paid','2021-04-17',NULL,NULL,'SEIZ'),(6048485004,109,NULL,112,2,2,1,100.00,200.00,0.00,200.00,'Paid','2021-04-28',NULL,NULL,'FINL'),(6048485033,111,NULL,115,2,2,3,100.00,200.00,0.00,200.00,'Paid','2021-05-18',NULL,NULL,'FINL'),(6048485049,115,NULL,110,2,2,1,100.00,200.00,0.00,200.00,'Paid','2021-04-08',NULL,NULL,'FINL'),(6048485076,120,NULL,124,2,2,1,100.00,200.00,0.00,200.00,'Paid','2021-04-02',NULL,NULL,'FINL'),(6048485083,124,NULL,128,2,2,2,100.00,200.00,0.00,200.00,'Paid','2021-05-09',NULL,NULL,'SEIZ'),(6048485110,131,NULL,98,2,2,1,100.00,200.00,0.00,200.00,'Paid','2021-05-03',NULL,NULL,'FINL'),(6048485127,132,NULL,109,2,2,1,100.00,200.00,0.00,200.00,'Paid','2021-04-08',NULL,NULL,'FINL'),(6048485133,134,NULL,57,2,2,1,100.00,200.00,0.00,200.00,'Paid','2021-04-04',NULL,NULL,'FINL'),(6048485139,135,NULL,140,2,2,1,100.00,200.00,0.00,200.00,'Paid','2021-04-24',NULL,NULL,'FINL'),(6048485173,137,NULL,109,2,2,1,100.00,200.00,0.00,200.00,'Paid','2021-05-27',NULL,NULL,'FINL'),(6048485195,139,NULL,124,2,2,1,100.00,200.00,0.00,200.00,'Paid','2021-04-09',NULL,NULL,'FINL'),(6048485209,6,NULL,6,4,2,1,35.00,70.00,0.00,0.00,'Dismissed','2021-03-03','Not Liable',2,'VIOL'),(6048485215,141,NULL,74,2,2,1,100.00,200.00,0.00,200.00,'Paid','2021-05-18',NULL,NULL,'SEIZ'),(6048485244,143,NULL,128,2,2,1,100.00,200.00,0.00,200.00,'Paid','2021-05-19',NULL,NULL,'FINL'),(7009321334,1,'2021-01-01 00:21:00',1,1,1,1,100.00,200.00,0.00,0.00,'Dismissed','2021-02-18','Not Liable',1,'VIOL'),(7009321486,2,'2021-01-01 02:35:00',2,1,1,1,100.00,200.00,0.00,0.00,'Dismissed','2021-01-25','Not Liable',1,'VIOL'),(7009321575,24,'2021-01-01 03:50:00',24,1,1,1,100.00,200.00,0.00,0.00,'Dismissed','2021-04-13',NULL,NULL,'FINL'),(7009321629,60,'2021-01-01 07:37:00',2,1,1,1,100.00,200.00,0.00,200.00,'Paid','2021-05-10',NULL,NULL,'SEIZ'),(7009321660,98,NULL,83,1,1,1,100.00,200.00,0.00,200.00,'Paid','2021-04-02',NULL,NULL,'FINL'),(7009321669,85,'2021-01-01 09:17:00',86,1,1,1,100.00,200.00,0.00,200.00,'Paid','2021-06-08',NULL,NULL,'FINL'),(7009321683,100,NULL,103,1,1,1,100.00,200.00,0.00,200.00,'Paid','2021-06-01',NULL,NULL,'FINL'),(7009321774,91,'2021-01-01 09:31:00',92,1,1,1,100.00,200.00,0.00,200.00,'Paid','2021-05-02',NULL,NULL,'FINL'),(7009321776,19,NULL,19,1,1,1,100.00,200.00,0.00,0.00,'Dismissed','2021-02-05','Not Liable',4,'VIOL'),(7009321781,110,NULL,114,1,1,1,100.00,200.00,0.00,200.00,'Paid','2021-05-05','Liable',NULL,'SEIZ'),(7009321786,82,'2021-01-01 09:00:00',83,1,1,1,100.00,200.00,0.00,244.00,'Paid','2021-05-20',NULL,NULL,'SEIZ'),(7009321800,57,NULL,99,1,1,1,100.00,200.00,0.00,200.00,'Paid','2021-04-17',NULL,NULL,'SEIZ'),(7009321819,125,NULL,129,1,1,1,100.00,200.00,0.00,200.00,'Paid','2021-06-18',NULL,NULL,'FINL'),(7009321828,118,NULL,1,1,1,1,100.00,200.00,0.00,200.00,'Paid','2021-05-10',NULL,NULL,'FINL'),(7009321860,142,NULL,92,1,1,1,100.00,200.00,0.00,200.00,'Paid','2021-04-13',NULL,NULL,'SEIZ'),(7009321865,129,NULL,134,1,1,2,100.00,200.00,0.00,200.00,'Paid','2021-04-01',NULL,NULL,'FINL'),(7009321871,133,NULL,138,1,1,1,100.00,200.00,0.00,200.00,'Paid','2021-05-14','Liable',NULL,'FINL'),(7009321874,130,NULL,114,1,1,1,100.00,200.00,0.00,200.00,'Paid','2021-04-22','Liable',NULL,'FINL'),(7009321886,126,NULL,131,1,1,1,100.00,200.00,0.00,200.00,'Paid','2021-04-12',NULL,NULL,'SEIZ'),(7009321936,136,NULL,141,1,1,1,100.00,200.00,0.00,200.00,'Paid','2021-04-08',NULL,NULL,'FINL'),(7009321945,121,NULL,123,1,1,1,100.00,200.00,0.00,200.00,'Paid','2021-04-12',NULL,NULL,'FINL'),(7009321959,138,NULL,97,1,1,1,100.00,200.00,0.00,200.00,'Paid','2021-04-05',NULL,NULL,'FINL'),(7009321970,114,NULL,24,1,1,1,100.00,200.00,0.00,200.00,'Paid','2021-05-05',NULL,NULL,'FINL'),(7009322478,71,'2021-01-01 08:27:00',72,1,1,1,100.00,200.00,0.00,200.00,'Paid','2021-05-04',NULL,NULL,'FINL'),(7009322648,22,NULL,22,1,1,1,100.00,200.00,0.00,0.00,'Dismissed','2021-03-15','Not Liable',4,'VIOL'),(7009322718,90,'2021-01-01 09:28:00',91,1,1,1,100.00,200.00,0.00,200.00,'Paid','2021-05-21',NULL,NULL,'FINL'),(7009322950,119,NULL,123,1,1,1,100.00,200.00,0.00,200.00,'Paid','2021-04-29',NULL,NULL,'FINL'),(7009323490,104,NULL,5,1,1,1,100.00,200.00,0.00,200.00,'Paid','2021-04-08',NULL,NULL,'FINL'),(7009323492,62,'2021-01-01 08:07:00',63,1,1,1,100.00,200.00,0.00,200.00,'Paid','2021-06-11',NULL,NULL,'SEIZ'),(7009323505,113,NULL,117,1,1,1,100.00,200.00,0.00,200.00,'Paid','2021-04-08',NULL,NULL,'FINL'),(7009323506,122,NULL,126,1,1,1,100.00,200.00,0.00,200.00,'Paid','2021-05-06',NULL,NULL,'FINL'),(7009325249,5,'2021-01-01 04:47:00',5,1,1,1,100.00,200.00,0.00,0.00,'Dismissed','2021-02-17','Not Liable',2,'VIOL'),(7009325251,108,NULL,111,1,1,3,100.00,200.00,0.00,200.00,'Paid','2021-04-07',NULL,NULL,'SEIZ'),(7009325253,95,'2021-01-01 09:51:00',97,1,1,1,100.00,200.00,0.00,200.00,'Paid','2021-05-17',NULL,NULL,'FINL'),(7009335561,123,NULL,127,1,1,1,100.00,200.00,0.00,200.00,'Paid','2021-04-22',NULL,NULL,'FINL');
/*!40000 ALTER TABLE `tickets` ENABLE KEYS */;
UNLOCK TABLES;

--
-- Temporary view structure for view `tickets_from_small_units`
--

DROP TABLE IF EXISTS `tickets_from_small_units`;
/*!50001 DROP VIEW IF EXISTS `tickets_from_small_units`*/;
SET @saved_cs_client     = @@character_set_client;
/*!50503 SET character_set_client = utf8mb4 */;
/*!50001 CREATE VIEW `tickets_from_small_units` AS SELECT 
 1 AS `ticket_id`*/;
SET character_set_client = @saved_cs_client;

--
-- Temporary view structure for view `tickets_per_notice`
--

DROP TABLE IF EXISTS `tickets_per_notice`;
/*!50001 DROP VIEW IF EXISTS `tickets_per_notice`*/;
SET @saved_cs_client     = @@character_set_client;
/*!50503 SET character_set_client = utf8mb4 */;
/*!50001 CREATE VIEW `tickets_per_notice` AS SELECT 
 1 AS `notice_number`,
 1 AS `COUNT(tickets.ticket_id)`*/;
SET character_set_client = @saved_cs_client;

--
-- Table structure for table `units`
--

DROP TABLE IF EXISTS `units`;
/*!40101 SET @saved_cs_client     = @@character_set_client */;
/*!50503 SET character_set_client = utf8mb4 */;
CREATE TABLE `units` (
  `unit_id` int NOT NULL AUTO_INCREMENT,
  `unit_code` varchar(5) DEFAULT NULL,
  `description` varchar(20) DEFAULT NULL,
  PRIMARY KEY (`unit_id`)
) ENGINE=InnoDB AUTO_INCREMENT=32 DEFAULT CHARSET=utf8mb4 COLLATE=utf8mb4_0900_ai_ci;
/*!40101 SET character_set_client = @saved_cs_client */;

--
-- Dumping data for table `units`
--

LOCK TABLES `units` WRITE;
/*!40000 ALTER TABLE `units` DISABLE KEYS */;
INSERT INTO `units` VALUES (1,'CNDT','Red Light'),(2,'SPD','Speed'),(3,'3','CPD'),(4,'2','CPD'),(5,'12','CPD'),(6,'25','CPD'),(7,'8','CPD'),(8,'10','CPD'),(9,'18','CPD'),(10,'716','CPD'),(11,'24','CPD'),(12,'4','CPD'),(13,'15','CPD'),(14,'CPD','13508'),(15,'5','CPD'),(16,'7','CPD'),(17,'9','CPD'),(18,'CPD','17482'),(19,'19','CPD');
/*!40000 ALTER TABLE `units` ENABLE KEYS */;
UNLOCK TABLES;

--
-- Table structure for table `vehicle_makes`
--

DROP TABLE IF EXISTS `vehicle_makes`;
/*!40101 SET @saved_cs_client     = @@character_set_client */;
/*!50503 SET character_set_client = utf8mb4 */;
CREATE TABLE `vehicle_makes` (
  `vehicle_make_id` int NOT NULL AUTO_INCREMENT,
  `vehicle_make` varchar(10) DEFAULT NULL,
  PRIMARY KEY (`vehicle_make_id`)
) ENGINE=InnoDB AUTO_INCREMENT=32 DEFAULT CHARSET=utf8mb4 COLLATE=utf8mb4_0900_ai_ci;
/*!40101 SET character_set_client = @saved_cs_client */;

--
-- Dumping data for table `vehicle_makes`
--

LOCK TABLES `vehicle_makes` WRITE;
/*!40000 ALTER TABLE `vehicle_makes` DISABLE KEYS */;
INSERT INTO `vehicle_makes` VALUES (1,'OTHR'),(2,'HOND'),(3,'CHEV'),(4,'LNDR'),(5,'TOYT'),(6,'JEEP'),(7,'DODG'),(8,'MERZ'),(9,'HYUN'),(10,'CHRY'),(11,'BUIC'),(12,'INFI'),(13,'MITS'),(14,'FORD'),(15,'KIA'),(16,'NISS'),(17,'PONT'),(18,'MERC'),(19,'MAZD'),(20,'PAS'),(21,'AUDI'),(22,'LEXU'),(23,'LINC');
/*!40000 ALTER TABLE `vehicle_makes` ENABLE KEYS */;
UNLOCK TABLES;

--
-- Table structure for table `vehicle_makes_plate_types`
--

DROP TABLE IF EXISTS `vehicle_makes_plate_types`;
/*!40101 SET @saved_cs_client     = @@character_set_client */;
/*!50503 SET character_set_client = utf8mb4 */;
CREATE TABLE `vehicle_makes_plate_types` (
  `vehicle_make_plate_type_id` int NOT NULL AUTO_INCREMENT,
  `vehicle_make_id` int NOT NULL,
  `license_plate_type_id` int NOT NULL,
  PRIMARY KEY (`vehicle_make_plate_type_id`),
  KEY `vehicle_make_id` (`vehicle_make_id`),
  KEY `license_plate_type_id` (`license_plate_type_id`),
  CONSTRAINT `vehicle_makes_plate_types_ibfk_1` FOREIGN KEY (`vehicle_make_id`) REFERENCES `vehicle_makes` (`vehicle_make_id`),
  CONSTRAINT `vehicle_makes_plate_types_ibfk_2` FOREIGN KEY (`license_plate_type_id`) REFERENCES `license_plate_types` (`license_plate_type_id`)
) ENGINE=InnoDB AUTO_INCREMENT=64 DEFAULT CHARSET=utf8mb4 COLLATE=utf8mb4_0900_ai_ci;
/*!40101 SET character_set_client = @saved_cs_client */;

--
-- Dumping data for table `vehicle_makes_plate_types`
--

LOCK TABLES `vehicle_makes_plate_types` WRITE;
/*!40000 ALTER TABLE `vehicle_makes_plate_types` DISABLE KEYS */;
INSERT INTO `vehicle_makes_plate_types` VALUES (1,1,1),(2,1,7),(3,1,4),(4,1,8),(5,2,1),(6,3,1),(7,3,2),(8,3,3),(9,4,1),(10,5,1),(11,5,2),(12,6,1),(13,6,2),(14,7,1),(15,8,1),(16,9,1),(17,10,2),(18,10,1),(19,11,2),(20,11,1),(21,12,1),(22,13,5),(23,13,1),(24,14,1),(25,15,1),(26,16,1),(27,17,1),(28,18,2),(29,19,1),(30,20,9),(31,20,6),(32,21,1),(33,22,1),(34,23,1);
/*!40000 ALTER TABLE `vehicle_makes_plate_types` ENABLE KEYS */;
UNLOCK TABLES;

--
-- Temporary view structure for view `vehicle_makes_plate_types_all`
--

DROP TABLE IF EXISTS `vehicle_makes_plate_types_all`;
/*!50001 DROP VIEW IF EXISTS `vehicle_makes_plate_types_all`*/;
SET @saved_cs_client     = @@character_set_client;
/*!50503 SET character_set_client = utf8mb4 */;
/*!50001 CREATE VIEW `vehicle_makes_plate_types_all` AS SELECT 
 1 AS `vehicle_make_plate_type_id`,
 1 AS `vehicle_make`,
 1 AS `license_plate_type`*/;
SET character_set_client = @saved_cs_client;

--
-- Table structure for table `violations`
--

DROP TABLE IF EXISTS `violations`;
/*!40101 SET @saved_cs_client     = @@character_set_client */;
/*!50503 SET character_set_client = utf8mb4 */;
CREATE TABLE `violations` (
  `violation_id` int NOT NULL AUTO_INCREMENT,
  `violation_code` varchar(10) DEFAULT NULL,
  `description` varchar(100) DEFAULT NULL,
  PRIMARY KEY (`violation_id`)
) ENGINE=InnoDB AUTO_INCREMENT=32 DEFAULT CHARSET=utf8mb4 COLLATE=utf8mb4_0900_ai_ci;
/*!40101 SET character_set_client = @saved_cs_client */;

--
-- Dumping data for table `violations`
--

LOCK TABLES `violations` WRITE;
/*!40000 ALTER TABLE `violations` DISABLE KEYS */;
INSERT INTO `violations` VALUES (1,'9102020','RED LIGHT VIOLATION'),(2,'9101020**','SPEED VIOLATION 11+'),(3,'0976160B','EXPIRED PLATE OR TEMPORARY REGISTRATION'),(4,'9101020*','SPEED VIOLATION 6-10'),(5,'0964100A','WITHIN 15\' OF FIRE HYDRANT'),(6,'0964125B','NO CITY STICKER VEHICLE UNDER/EQUAL TO 16,000 LBS.'),(7,'0964130A','PARK ALLEY'),(8,'0964150B','PARKING/STANDING PROHIBITED ANYTIME'),(9,'0964080B','NO STANDING/PARKING TIME RESTRICTED'),(10,'DISABLED P','14'),(11,'0964110C','PARK OR STAND ON CROSSWALK'),(12,'0964100C','BLOCK ACCESS/ALLEY/DRIVEWAY/FIRELANE'),(13,'0964100G','STOP SIGN OR TRAFFIC SIGNAL'),(14,'0964050J','DISABLED PARKING ZONE'),(15,'0964090E','RESIDENTIAL PERMIT PARKING'),(16,'0976160A','MISSING/NONCOMPLIANT FRONT AND/OR REAR PLATE'),(17,'WITHIN 15\'','716');
/*!40000 ALTER TABLE `violations` ENABLE KEYS */;
UNLOCK TABLES;

--
-- Dumping events for database 'chicago_official'
--

--
-- Dumping routines for database 'chicago_official'
--

--
-- Final view structure for view `chicago_norm_all`
--

/*!50001 DROP VIEW IF EXISTS `chicago_norm_all`*/;
/*!50001 SET @saved_cs_client          = @@character_set_client */;
/*!50001 SET @saved_cs_results         = @@character_set_results */;
/*!50001 SET @saved_col_connection     = @@collation_connection */;
/*!50001 SET character_set_client      = utf8mb4 */;
/*!50001 SET character_set_results     = utf8mb4 */;
/*!50001 SET collation_connection      = utf8mb4_0900_ai_ci */;
/*!50001 CREATE ALGORITHM=UNDEFINED */
/*!50013 DEFINER=`root`@`localhost` SQL SECURITY DEFINER */
/*!50001 VIEW `chicago_norm_all` AS select `notices`.`notice_number` AS `notice_number`,`tickets`.`ticket_id` AS `ticket_number`,`tickets`.`issue_date` AS `issue_date`,`locations`.`address` AS `location`,`locations`.`zip_code` AS `zip_code`,`violations`.`violation_code` AS `violation_code`,`violations`.`description` AS `violation_description`,`units`.`unit_code` AS `unit`,`units`.`description` AS `unit_description`,`officers`.`officer_id` AS `officer`,`vehicle_makes`.`vehicle_make` AS `vehicle_make`,`license_plate_types`.`license_plate_type` AS `license_plate_type`,`tickets`.`fine_1` AS `fine_1`,`tickets`.`fine_2` AS `fine_2`,`tickets`.`current_due` AS `current_due`,`tickets`.`total_payments` AS `total_payments`,`tickets`.`ticket_queue` AS `ticket_queue`,`tickets`.`ticket_queue_date` AS `ticket_queue_date`,`tickets`.`notice_level` AS `notice_level`,`tickets`.`hearing_dispo` AS `hearing_dispo`,`hearing_reasons`.`hearing_reason` AS `hearing_reason` from (((((((((`tickets` left join `notices` on((`tickets`.`notice_id` = `notices`.`notice_id`))) left join `locations` on((`tickets`.`location_id` = `locations`.`location_id`))) left join `violations` on((`tickets`.`violation_id` = `violations`.`violation_id`))) left join `officers` on((`tickets`.`officer_id` = `officers`.`officer_id`))) left join `units` on((`officers`.`unit_id` = `units`.`unit_id`))) left join `vehicle_makes_plate_types` on((`tickets`.`vehicle_make_plate_type_id` = `vehicle_makes_plate_types`.`vehicle_make_plate_type_id`))) left join `vehicle_makes` on((`vehicle_makes_plate_types`.`vehicle_make_id` = `vehicle_makes`.`vehicle_make_id`))) left join `license_plate_types` on((`vehicle_makes_plate_types`.`license_plate_type_id` = `license_plate_types`.`license_plate_type_id`))) left join `hearing_reasons` on((`tickets`.`hearing_reason_id` = `hearing_reasons`.`hearing_reason_id`))) order by `notices`.`notice_number` desc,`tickets`.`ticket_id` desc */;
/*!50001 SET character_set_client      = @saved_cs_client */;
/*!50001 SET character_set_results     = @saved_cs_results */;
/*!50001 SET collation_connection      = @saved_col_connection */;

--
-- Final view structure for view `officers_per_unit`
--

/*!50001 DROP VIEW IF EXISTS `officers_per_unit`*/;
/*!50001 SET @saved_cs_client          = @@character_set_client */;
/*!50001 SET @saved_cs_results         = @@character_set_results */;
/*!50001 SET @saved_col_connection     = @@collation_connection */;
/*!50001 SET character_set_client      = utf8mb4 */;
/*!50001 SET character_set_results     = utf8mb4 */;
/*!50001 SET collation_connection      = utf8mb4_0900_ai_ci */;
/*!50001 CREATE ALGORITHM=UNDEFINED */
/*!50013 DEFINER=`root`@`localhost` SQL SECURITY DEFINER */
/*!50001 VIEW `officers_per_unit` AS select `units`.`unit_code` AS `unit_code`,count(`officers`.`officer_id`) AS `COUNT(officers.officer_id)` from (`officers` join `units`) where (`officers`.`unit_id` = `units`.`unit_id`) group by `units`.`unit_id` order by `units`.`unit_code` */;
/*!50001 SET character_set_client      = @saved_cs_client */;
/*!50001 SET character_set_results     = @saved_cs_results */;
/*!50001 SET collation_connection      = @saved_col_connection */;

--
-- Final view structure for view `officers_units_all`
--

/*!50001 DROP VIEW IF EXISTS `officers_units_all`*/;
/*!50001 SET @saved_cs_client          = @@character_set_client */;
/*!50001 SET @saved_cs_results         = @@character_set_results */;
/*!50001 SET @saved_col_connection     = @@collation_connection */;
/*!50001 SET character_set_client      = utf8mb4 */;
/*!50001 SET character_set_results     = utf8mb4 */;
/*!50001 SET collation_connection      = utf8mb4_0900_ai_ci */;
/*!50001 CREATE ALGORITHM=UNDEFINED */
/*!50013 DEFINER=`root`@`localhost` SQL SECURITY DEFINER */
/*!50001 VIEW `officers_units_all` AS select `officers`.`officer` AS `officer`,`units`.`unit_code` AS `unit_code` from (`officers` left join `units` on((`officers`.`unit_id` = `units`.`unit_id`))) order by `officers`.`officer` */;
/*!50001 SET character_set_client      = @saved_cs_client */;
/*!50001 SET character_set_results     = @saved_cs_results */;
/*!50001 SET collation_connection      = @saved_col_connection */;

--
-- Final view structure for view `tickets_from_small_units`
--

/*!50001 DROP VIEW IF EXISTS `tickets_from_small_units`*/;
/*!50001 SET @saved_cs_client          = @@character_set_client */;
/*!50001 SET @saved_cs_results         = @@character_set_results */;
/*!50001 SET @saved_col_connection     = @@collation_connection */;
/*!50001 SET character_set_client      = utf8mb4 */;
/*!50001 SET character_set_results     = utf8mb4 */;
/*!50001 SET collation_connection      = utf8mb4_0900_ai_ci */;
/*!50001 CREATE ALGORITHM=UNDEFINED */
/*!50013 DEFINER=`root`@`localhost` SQL SECURITY DEFINER */
/*!50001 VIEW `tickets_from_small_units` AS select `tickets`.`ticket_id` AS `ticket_id` from (`tickets` left join `officers` on((`tickets`.`officer_id` = `officers`.`officer_id`))) where `officers`.`unit_id` in (select `units`.`unit_id` from (`officers` join `units`) where (`officers`.`unit_id` = `units`.`unit_id`) group by `units`.`unit_id` having (count(`officers`.`officer_id`) < 5)) */;
/*!50001 SET character_set_client      = @saved_cs_client */;
/*!50001 SET character_set_results     = @saved_cs_results */;
/*!50001 SET collation_connection      = @saved_col_connection */;

--
-- Final view structure for view `tickets_per_notice`
--

/*!50001 DROP VIEW IF EXISTS `tickets_per_notice`*/;
/*!50001 SET @saved_cs_client          = @@character_set_client */;
/*!50001 SET @saved_cs_results         = @@character_set_results */;
/*!50001 SET @saved_col_connection     = @@collation_connection */;
/*!50001 SET character_set_client      = utf8mb4 */;
/*!50001 SET character_set_results     = utf8mb4 */;
/*!50001 SET collation_connection      = utf8mb4_0900_ai_ci */;
/*!50001 CREATE ALGORITHM=UNDEFINED */
/*!50013 DEFINER=`root`@`localhost` SQL SECURITY DEFINER */
/*!50001 VIEW `tickets_per_notice` AS select `notices`.`notice_number` AS `notice_number`,count(`tickets`.`ticket_id`) AS `COUNT(tickets.ticket_id)` from (`tickets` join `notices`) where (`tickets`.`notice_id` = `notices`.`notice_id`) group by `notices`.`notice_id` order by `notices`.`notice_number` */;
/*!50001 SET character_set_client      = @saved_cs_client */;
/*!50001 SET character_set_results     = @saved_cs_results */;
/*!50001 SET collation_connection      = @saved_col_connection */;

--
-- Final view structure for view `vehicle_makes_plate_types_all`
--

/*!50001 DROP VIEW IF EXISTS `vehicle_makes_plate_types_all`*/;
/*!50001 SET @saved_cs_client          = @@character_set_client */;
/*!50001 SET @saved_cs_results         = @@character_set_results */;
/*!50001 SET @saved_col_connection     = @@collation_connection */;
/*!50001 SET character_set_client      = utf8mb4 */;
/*!50001 SET character_set_results     = utf8mb4 */;
/*!50001 SET collation_connection      = utf8mb4_0900_ai_ci */;
/*!50001 CREATE ALGORITHM=UNDEFINED */
/*!50013 DEFINER=`root`@`localhost` SQL SECURITY DEFINER */
/*!50001 VIEW `vehicle_makes_plate_types_all` AS select `vehicle_makes_plate_types`.`vehicle_make_plate_type_id` AS `vehicle_make_plate_type_id`,`vehicle_makes`.`vehicle_make` AS `vehicle_make`,`license_plate_types`.`license_plate_type` AS `license_plate_type` from ((`vehicle_makes_plate_types` left join `vehicle_makes` on((`vehicle_makes_plate_types`.`vehicle_make_id` = `vehicle_makes`.`vehicle_make_id`))) left join `license_plate_types` on((`vehicle_makes_plate_types`.`license_plate_type_id` = `license_plate_types`.`license_plate_type_id`))) order by `vehicle_makes_plate_types`.`vehicle_make_plate_type_id` */;
/*!50001 SET character_set_client      = @saved_cs_client */;
/*!50001 SET character_set_results     = @saved_cs_results */;
/*!50001 SET collation_connection      = @saved_col_connection */;
/*!40103 SET TIME_ZONE=@OLD_TIME_ZONE */;

/*!40101 SET SQL_MODE=@OLD_SQL_MODE */;
/*!40014 SET FOREIGN_KEY_CHECKS=@OLD_FOREIGN_KEY_CHECKS */;
/*!40014 SET UNIQUE_CHECKS=@OLD_UNIQUE_CHECKS */;
/*!40101 SET CHARACTER_SET_CLIENT=@OLD_CHARACTER_SET_CLIENT */;
/*!40101 SET CHARACTER_SET_RESULTS=@OLD_CHARACTER_SET_RESULTS */;
/*!40101 SET COLLATION_CONNECTION=@OLD_COLLATION_CONNECTION */;
/*!40111 SET SQL_NOTES=@OLD_SQL_NOTES */;

-- Dump completed on 2024-12-09 23:01:11
